{ "height":18,
 "infinite":false,
 "layers":[
        {
         "compression":"zlib",
         "data":"eJxjZWBgYB3Fo3gUDxtMKRho94\/iwYsBUUEHbQ==",
         "encoding":"base64",
         "height":18,
         "name":"Background",
         "opacity":1,
         "type":"tilelayer",
         "visible":true,
         "width":22,
         "x":0,
         "y":0
        }, 
        {
         "compression":"zlib",
         "data":"eJxjZGBgYKQRZmPADdgJyGMDMHPxAW4g5qKBueTYSam5uMBAm0so3plwqEcXJ9VcdDOonV5HzYVgHgrMJSZPk6KWFDDQ+QIbYGYgHGbUNo+QuaSYgY4Bo+UBHA==",
         "encoding":"base64",
         "height":18,
         "name":"Foreground",
         "opacity":1,
         "properties":
            {
             "collider":true
            },
         "propertytypes":
            {
             "collider":"bool"
            },
         "type":"tilelayer",
         "visible":true,
         "width":22,
         "x":0,
         "y":0
        }, 
        {
         "draworder":"topdown",
         "name":"Spawns",
         "objects":[
                {
                 "height":0,
                 "id":1,
                 "name":"Scorpion",
                 "point":true,
                 "rotation":0,
                 "type":"",
                 "visible":true,
                 "width":0,
                 "x":1912,
                 "y":308
                }, 
                {
                 "height":0,
                 "id":2,
                 "name":"Player",
                 "point":true,
                 "rotation":0,
                 "type":"",
                 "visible":true,
                 "width":0,
                 "x":288,
                 "y":924
                }],
         "opacity":1,
         "type":"objectgroup",
         "visible":true,
         "x":0,
         "y":0
        }, 
        {
         "compression":"zlib",
         "data":"eJxjYBgFowAT8NPIXD4amTsKRsEooD0AAHgYAB4=",
         "encoding":"base64",
         "height":18,
         "name":"Door",
         "opacity":1,
         "type":"tilelayer",
         "visible":true,
         "width":22,
         "x":0,
         "y":0
        }],
 "nextobjectid":4,
 "orientation":"orthogonal",
 "renderorder":"right-down",
 "tiledversion":"1.1.6",
 "tileheight":120,
 "tilesets":[
        {
         "columns":4,
         "firstgid":1,
         "image":"Sprites\/tileset.png",
         "imageheight":480,
         "imagewidth":480,
         "margin":0,
         "name":"tileset",
         "spacing":0,
         "tilecount":16,
         "tileheight":120,
         "tilewidth":120,
         "transparentcolor":"#ff00ff"
        }],
 "tilewidth":120,
 "type":"map",
 "version":1,
 "width":22
}