{ "height":18,
 "infinite":false,
 "layers":[
        {
         "compression":"zlib",
         "data":"eJxjZWBgYB3Fo3gUj+JRPIoJYAAEsAe9",
         "encoding":"base64",
         "height":18,
         "name":"Background",
         "opacity":1,
         "type":"tilelayer",
         "visible":true,
         "width":22,
         "x":0,
         "y":0
        }, 
        {
         "compression":"zlib",
         "data":"eJxjYBgFowAT8NPIXD4amTsKRsEooD0AAHgYAB4=",
         "encoding":"base64",
         "height":18,
         "name":"Door",
         "opacity":1,
         "type":"tilelayer",
         "visible":true,
         "width":22,
         "x":0,
         "y":0
        }, 
        {
         "compression":"zlib",
         "data":"eJxjZGBgYKQRZmNABexYxHABbiDmQtMLM5eQWlIBLnOJAfjspsRcfGCgzSUU70w41KOLk2ouuhnUTq9DzVwmGpnLQ4G5xORvSvSSYy6lYDibS2r8AgBNPAE1",
         "encoding":"base64",
         "height":18,
         "name":"Foreground",
         "opacity":1,
         "properties":
            {
             "collider":false
            },
         "propertytypes":
            {
             "collider":"bool"
            },
         "type":"tilelayer",
         "visible":true,
         "width":22,
         "x":0,
         "y":0
        }, 
        {
         "draworder":"topdown",
         "name":"Spawns",
         "objects":[
                {
                 "height":0,
                 "id":1,
                 "name":"Scorpion",
                 "point":true,
                 "rotation":0,
                 "type":"",
                 "visible":true,
                 "width":0,
                 "x":1793.93939393939,
                 "y":327.272727272727
                }, 
                {
                 "height":0,
                 "id":2,
                 "name":"Player",
                 "point":true,
                 "rotation":0,
                 "type":"",
                 "visible":true,
                 "width":0,
                 "x":318.181818181818,
                 "y":927.272727272727
                }],
         "opacity":1,
         "type":"objectgroup",
         "visible":true,
         "x":0,
         "y":0
        }],
 "nextobjectid":3,
 "orientation":"orthogonal",
 "renderorder":"right-down",
 "tiledversion":"1.1.6",
 "tileheight":120,
 "tilesets":[
        {
         "columns":4,
         "firstgid":1,
         "image":"Sprites\/tileset.png",
         "imageheight":480,
         "imagewidth":480,
         "margin":0,
         "name":"tileset",
         "spacing":0,
         "tilecount":16,
         "tileheight":120,
         "tilewidth":120,
         "transparentcolor":"#ff00ff"
        }],
 "tilewidth":120,
 "type":"map",
 "version":1,
 "width":22
}